Date,Store ID,Product ID,Units Sold,Price,Discount,Competitor Pricing,Inventory Level
2024-01-01,S001,P0001,96,11.46744087359019,1.3614109031095336,13.225516810152824,139
2024-01-02,S001,P0001,109,10.070399113575423,1.0618691666342728,13.344620298315498,139
2024-01-03,S001,P0001,104,10.994212020444026,0.8955663291461833,14.320837825359515,111
2024-01-04,S001,P0001,100,13.55670976374325,1.105786178142656,11.150926341207777,72
2024-01-05,S001,P0001,97,13.950877702656028,1.185393447758787,12.495966899423761,58
2024-01-06,S001,P0001,96,13.029799873905057,0.1617066526654305,12.860020996045915,61
2024-01-07,S001,P0001,108,14.631504392566745,0.7393089121228089,13.842770071531545,50
2024-01-08,S001,P0001,100,13.255385127509722,0.48431987655485176,10.218018858772169,107
2024-01-09,S001,P0001,100,14.574798377718903,1.6062795127597917,14.972752553986705,50
2024-01-10,S001,P0001,93,14.250192888948996,0.9406012688920768,12.349722569954714,83
2024-01-11,S001,P0001,97,12.247253370691016,1.966846281789686,11.397801708983792,145
2024-01-12,S001,P0001,92,10.477050582452057,0.7976488848891061,14.417470111331294,97
2024-01-13,S001,P0001,91,11.854091260991332,1.6328637464387679,13.738593869487069,138
2024-01-14,S001,P0001,101,13.344206263318036,1.5966902499691022,14.765359235119766,50
2024-01-15,S001,P0001,95,13.329611783087483,0.30143508793085894,11.653751523352568,65
2024-01-16,S001,P0001,200,12.956488938538635,1.0163975534814373,12.763824834177449,110
2024-01-17,S001,P0001,90,11.373608964950321,1.3916256135817637,12.861462345854191,113
2024-01-18,S001,P0001,101,12.806217129238506,1.7167176096274397,14.901657918580227,112
2024-01-19,S001,P0001,101,11.91463437376895,0.6519178104037695,10.376731280030642,118
2024-01-20,S001,P0001,106,14.858560476945518,0.4404820951310966,11.52848509643591,71
2024-01-21,S001,P0001,99,14.24456912133042,1.4222990648760356,10.95455515575173,142
2024-01-22,S001,P0001,105,13.608647605824366,1.6190020922794308,11.342374284450784,116
2024-01-23,S001,P0001,104,11.17992459874478,0.6973319745834587,12.426399371381578,125
2024-01-24,S001,P0001,104,11.28034161380662,0.19235310218284152,11.863434335470247,75
2024-01-25,S001,P0001,108,10.202167947692157,1.881046528979208,11.97345733404736,65
2024-01-26,S001,P0001,101,13.553314448428937,0.7951440421750446,14.221065703631556,100
2024-01-27,S001,P0001,109,10.554454104059158,1.0355027010549602,14.65008417405416,135
2024-01-28,S001,P0001,92,12.19668250932885,1.675420211814656,10.35208065424772,106
2024-01-29,S001,P0001,94,11.008596011676982,1.3513802340785614,11.0445935880768,78
2024-01-30,S001,P0001,108,14.478817978367598,1.4704322384815443,13.355717584120253,127
2024-01-31,S001,P0001,96,12.376851115910558,0.41814324147542736,11.79323390648082,141
2024-02-01,S001,P0001,98,12.816377859881918,1.0828959476551316,11.270818245348694,118
2024-02-02,S001,P0001,96,13.477580432130637,1.3915687986901644,11.476452942094694,96
2024-02-03,S001,P0001,107,10.696657272029379,0.4571000435945993,11.612753821193003,143
2024-02-04,S001,P0001,93,13.022086896389087,0.34990985419187237,14.243348974623373,111
2024-02-05,S001,P0001,103,12.699205456508366,1.9643366866588712,10.683106657210145,118
2024-02-06,S001,P0001,107,11.015306123673847,1.0332717825420286,13.544554984550594,125
2024-02-07,S001,P0001,98,14.714267852789906,0.521658349660818,12.764099884539538,65
2024-02-08,S001,P0001,91,12.99432733244268,1.9925073995158487,11.482550718238993,139
2024-02-09,S001,P0001,109,13.473924665198522,1.9308387025775873,12.098904282231382,139
2024-02-10,S001,P0001,104,14.402339195076289,1.1165869072141952,11.28103471797229,97
2024-02-11,S001,P0001,96,13.121770240668965,1.7652726863786794,13.057568554328402,134
2024-02-12,S001,P0001,101,11.47816842918857,0.37741421668275876,10.407970902001201,88
2024-02-13,S001,P0001,97,10.527471299151353,0.5577427051843638,10.025924313869934,149
2024-02-14,S001,P0001,104,12.282672852414551,1.4007156599455426,13.13947207474318,82
2024-02-15,S001,P0001,92,11.092202186084169,1.6933222844766118,10.971369767560212,143
2024-02-16,S001,P0001,103,12.082549739351832,1.712648583756185,10.354704584999638,72
2024-02-17,S001,P0001,106,14.41640129459434,0.8090162542443802,11.983919136069442,59
2024-02-18,S001,P0001,93,11.62172510502637,1.7755401975219196,10.253842655196985,118
2024-02-19,S001,P0001,107,10.610439773503368,1.7018568975350254,14.4330857447533,149
2024-02-20,S001,P0001,97,11.781489190384875,1.871269988441895,10.138083859368523,83
2024-02-21,S001,P0001,93,14.53414220772877,1.5706813022278872,12.894324477537793,101
2024-02-22,S001,P0001,91,11.360661246923176,1.3379765094284573,12.192370615090436,144
2024-02-23,S001,P0001,95,13.238450602706813,1.1613732428729093,13.360130676475997,59
2024-02-24,S001,P0001,99,10.00260188497658,0.7445655331234862,11.64076333737366,68
2024-02-25,S001,P0001,93,11.762844281670844,1.8802668849155568,10.77520808363872,107
2024-02-26,S001,P0001,107,11.523906290790144,1.9473276735106346,14.909204441552657,145
2024-02-27,S001,P0001,101,10.823279265714708,0.5678419494749314,14.194667510346816,50
2024-02-28,S001,P0001,91,12.67044709687721,0.6107277206887869,14.302023091558375,118
2024-02-29,S001,P0001,99,12.424149856794916,0.9712275071724532,11.25125680257932,53
2024-03-01,S001,P0001,93,13.462180164451352,0.8968482859724947,10.194173672147116,65
2024-03-02,S001,P0001,103,11.347061668992607,1.9889149252216414,11.516327573366114,73
2024-03-03,S001,P0001,105,11.220627611238871,0.35185050535469076,12.685412135983277,129
2024-03-04,S001,P0001,104,10.841455210864654,0.036150727231041735,11.633256208980205,51
2024-03-05,S001,P0001,97,11.093821097865352,0.9877874303668692,14.139345018937943,141
2024-03-06,S001,P0001,103,12.790510010086706,0.3576454184426576,11.35771457909871,81
2024-03-07,S001,P0001,97,12.019180855290204,0.7329375691657198,14.826259151953849,140
2024-03-08,S001,P0001,105,10.324461235544907,1.4883410461131246,12.286325808068643,133
2024-03-09,S001,P0001,102,11.269577069671723,1.4418798485042585,14.210115375059907,73
2024-03-10,S001,P0001,107,11.234380314193006,0.6161215837047784,10.971900169974365,61
2024-03-11,S001,P0001,104,13.481521364198942,1.0850804611097986,12.056769525283393,99
2024-03-12,S001,P0001,102,13.56135294962221,1.01762815367752,13.49756105383597,84
2024-03-13,S001,P0001,98,10.740434649767,1.2726652363717907,10.691765462089007,82
2024-03-14,S001,P0001,104,14.98870242524471,0.5009236372111683,10.663727111214849,82
2024-03-15,S001,P0001,102,11.333905071376424,1.1797416951210877,14.847684335570795,110
2024-03-16,S001,P0001,90,14.883074779163264,1.957785716550018,13.57297552089976,100
2024-03-17,S001,P0001,96,12.055185066591157,0.9734843059189102,10.205337583839379,92
2024-03-18,S001,P0001,98,10.165253664502742,1.812197575437108,11.994104507223973,61
2024-03-19,S001,P0001,90,11.725356240133415,0.8687887310208573,12.16760368790371,116
2024-03-20,S001,P0001,101,13.17175672350682,0.7001568153893514,13.720213214995578,114
